{"id":1958,"slider":{"1961":{"status":"active","id":1961,"src":"http:\/\/openfloorplan.ae-labs.com\/wp-content\/uploads\/2015\/01\/slide12.jpg","title":"slide1","link":"","alt":"slide1","caption":"","type":"image"},"1962":{"status":"active","id":1962,"src":"http:\/\/openfloorplan.ae-labs.com\/wp-content\/uploads\/2015\/01\/slide22.jpg","title":"slide2","link":"","alt":"slide2","caption":"","type":"image"}},"config":{"type":"default","slider_size":"full_width","slider_theme":"base","slider_width":1140,"slider_height":480,"position":"center","transition":"fade","duration":5000,"speed":400,"gutter":0,"auto":1,"smooth":1,"arrows":1,"control":0,"pauseplay":0,"hover":0,"slider":1,"mobile":1,"mobile_width":600,"mobile_height":200,"keyboard":1,"css":1,"loop":1,"random":0,"delay":0,"start":0,"classes":[""],"title":"Home Page Slider","slug":"home-page-slider"},"status":"publish","in_slider":{"4":1961,"5":1962}}